title,link
Ecommerce & D2C,ecommerce
Hyperlocal & Quick Commerce,/hyperlocal-ecommerce
SMEs & Personal Courier,/sme-personal
About Us,/aboutus
Innovation,/innovation
Social Impact,/social-impact
Careers,/careers
Blogs,/blogs
News,/news
Franchise Partners,/franchise-partners
Client Partners,/client-partners
Delivery Partners,/delivery-partners
Track,track
Get In TouchGet In Touch,/contact-us
Track,/track
Get In Touch,/contact-us
click here.,https://docs.google.com/document/d/1Dc9u0zNoa3erw7VqD1Rbzcl1WlU6Gk6R7F5TGAMcGkc/edit?tab=t.d6k83inumo2
Get In Touch,/contact-us
Know More,ecommerce
Know More,/hyperlocal-ecommerce
Know More,/sme-personal
Express ParcelEnjoy reliable delivery/courier services with our solutions. We ensure smooth deliveries and quality checks for D2C businesses and small enterprises.,/ecommerce#forward-shipping
"Reverse ParcelEasily handle returns with our efficient reverse logistics and courier services. We provide doorstep quality checks, instant refunds, and seamless returns for D2Cs and more.",/ecommerce#reverse-shipping
"PrimeUpgrade to fast and reliable delivery/courier services with our efficient local delivery network. We guarantee same-day and next-day delivery across platforms, ensuring prompt item delivery.",/ecommerce#express-shipping
"Prime LargeWith Prime Large, we deliver 15 KG+ heavy goods same-day or next-day, fast, reliable, and future-ready. Backed by scalable infrastructure and technology-first execution, we ensure smooth logistics for high-volume, heavy-duty shipping.",/ecommerce#prime-large
"Critical LogisticsWe manage end-to-end movement of high-value, critical, luxury goods from manufacturing plants to warehouses and depots to distribution points, ensuring speed, security, and full compliance with handling protocols and timelines.",/ecommerce#critical-shipping
"HyperlocalHyperlocal delivery offers low-cost, point-to-point courier services perfect for groceries, pharma, and meals. With real-time tracking, wide-area coverage, and a trained fleet, we support rapid deliveries within 10 minutes to 2 hours.",/hyperlocal-ecommerce#market-place
Quick CommerceBenefit from our convenient quick commerce service. We offer slotted and express doorstep deliveries for a seamless experience in dark or live stores.,/hyperlocal-ecommerce#store-pick-up
"Electric Vehicle FleetOur electric fleet offers green, efficient delivery for couriers and e-commerce, supporting sustainable, cost-effective, and seamless last-mile logistics across cities.",/hyperlocal-ecommerce#electric-vehicle-fleet
Read More,/blogs
Read More,/blogs
"1st Floor, Appek Building,93/A, 4th B Cross Rd, 5th Block,Koramangala, Bengaluru, Karnataka560095","https://www.google.com/maps/dir//1st+floor,+Appek+Building,+93%2FA,+4th+B+Cross,+5th+Block,+Koramangala,+Bengaluru,+Karnataka+560095/@12.9335308,77.5318737,12z/data=!4m8!4m7!1m0!1m5!1m1!1s0x3bae14518ea6ee15:0xf657a3427df3b2d2!2m2!1d77.6142756!2d12.9335437?entry=ttu"
hello@shadowfax.in,mailto:hello@shadowfax.in
Track Shipment,/track
Book a Delivery,https://delivery.shadowfax.in/
Support,/contact-us
Flash App,/sme-personal
Ecommerce & D2C,ecommerce
Hyperlocal & Quick Commerce,/hyperlocal-ecommerce
SME & Personal Courier,/sme-personal
Delivery Partner,/delivery-partners
Client Partner,/client-partners
Franchise Partner,/franchise-partners
About Us,/aboutus
Careers,/careers
Blogs,/blogs
Innovation,/innovation
Social Impact,/social-impact
Get In Touch,/contact-us
Privacy Policy,/privacy-policy
Terms of Service,/terms-of-service
Track Shipment,/track
Book a Delivery,https://delivery.shadowfax.in/
Support,/contact-us
Flash App,/sme-personal
About Us,/aboutus
Careers,/careers
Blogs,/blogs
Innovation,/innovation
Social Impact,/social-impact
Get In Touch,/contact-us
Ecommerce & D2C,ecommerce
Hyperlocal & Quick Commerce,/hyperlocal-ecommerce
SME & Personal Courier,/sme-personal
Delivery Partner,/delivery-partners
Client Partner,/client-partners
Franchise Partner,/franchise-partners
Privacy Policy,/privacy-policy
Terms of Service,/terms-of-service
Ecommerce & D2C,ecommerce
Hyperlocal & Quick Commerce,/hyperlocal-ecommerce
SMEs & Personal Courier,/sme-personal
About Us,/aboutus
Innovation,/innovation
Social Impact,/social-impact
Careers,/careers
Blogs,/blogs
News,/news
Franchise Partners,/franchise-partners
Client Partners,/client-partners
Delivery Partners,/delivery-partners
Track,track
Get In TouchGet In Touch,/contact-us
Track,/track
Get In Touch,/contact-us
click here.,https://docs.google.com/document/d/1Dc9u0zNoa3erw7VqD1Rbzcl1WlU6Gk6R7F5TGAMcGkc/edit?tab=t.d6k83inumo2
Get In Touch,/contact-us
Know More,ecommerce
Know More,/hyperlocal-ecommerce
Know More,/sme-personal
Express ParcelEnjoy reliable delivery/courier services with our solutions. We ensure smooth deliveries and quality checks for D2C businesses and small enterprises.,/ecommerce#forward-shipping
"Reverse ParcelEasily handle returns with our efficient reverse logistics and courier services. We provide doorstep quality checks, instant refunds, and seamless returns for D2Cs and more.",/ecommerce#reverse-shipping
"PrimeUpgrade to fast and reliable delivery/courier services with our efficient local delivery network. We guarantee same-day and next-day delivery across platforms, ensuring prompt item delivery.",/ecommerce#express-shipping
"Prime LargeWith Prime Large, we deliver 15 KG+ heavy goods same-day or next-day, fast, reliable, and future-ready. Backed by scalable infrastructure and technology-first execution, we ensure smooth logistics for high-volume, heavy-duty shipping.",/ecommerce#prime-large
"Critical LogisticsWe manage end-to-end movement of high-value, critical, luxury goods from manufacturing plants to warehouses and depots to distribution points, ensuring speed, security, and full compliance with handling protocols and timelines.",/ecommerce#critical-shipping
"HyperlocalHyperlocal delivery offers low-cost, point-to-point courier services perfect for groceries, pharma, and meals. With real-time tracking, wide-area coverage, and a trained fleet, we support rapid deliveries within 10 minutes to 2 hours.",/hyperlocal-ecommerce#market-place
Quick CommerceBenefit from our convenient quick commerce service. We offer slotted and express doorstep deliveries for a seamless experience in dark or live stores.,/hyperlocal-ecommerce#store-pick-up
"Electric Vehicle FleetOur electric fleet offers green, efficient delivery for couriers and e-commerce, supporting sustainable, cost-effective, and seamless last-mile logistics across cities.",/hyperlocal-ecommerce#electric-vehicle-fleet
Read More,/blogs
Read More,/blogs
"1st Floor, Appek Building,93/A, 4th B Cross Rd, 5th Block,Koramangala, Bengaluru, Karnataka560095","https://www.google.com/maps/dir//1st+floor,+Appek+Building,+93%2FA,+4th+B+Cross,+5th+Block,+Koramangala,+Bengaluru,+Karnataka+560095/@12.9335308,77.5318737,12z/data=!4m8!4m7!1m0!1m5!1m1!1s0x3bae14518ea6ee15:0xf657a3427df3b2d2!2m2!1d77.6142756!2d12.9335437?entry=ttu"
hello@shadowfax.in,mailto:hello@shadowfax.in
Track Shipment,/track
Book a Delivery,https://delivery.shadowfax.in/
Support,/contact-us
Flash App,/sme-personal
Ecommerce & D2C,ecommerce
Hyperlocal & Quick Commerce,/hyperlocal-ecommerce
SME & Personal Courier,/sme-personal
Delivery Partner,/delivery-partners
Client Partner,/client-partners
Franchise Partner,/franchise-partners
About Us,/aboutus
Careers,/careers
Blogs,/blogs
Innovation,/innovation
Social Impact,/social-impact
Get In Touch,/contact-us
Privacy Policy,/privacy-policy
Terms of Service,/terms-of-service
Track Shipment,/track
Book a Delivery,https://delivery.shadowfax.in/
Support,/contact-us
Flash App,/sme-personal
About Us,/aboutus
Careers,/careers
Blogs,/blogs
Innovation,/innovation
Social Impact,/social-impact
Get In Touch,/contact-us
Ecommerce & D2C,ecommerce
Hyperlocal & Quick Commerce,/hyperlocal-ecommerce
SME & Personal Courier,/sme-personal
Delivery Partner,/delivery-partners
Client Partner,/client-partners
Franchise Partner,/franchise-partners
Privacy Policy,/privacy-policy
Terms of Service,/terms-of-service
Ecommerce & D2C,ecommerce
Hyperlocal & Quick Commerce,/hyperlocal-ecommerce
SMEs & Personal Courier,/sme-personal
About Us,/aboutus
Innovation,/innovation
Social Impact,/social-impact
Careers,/careers
Blogs,/blogs
News,/news
Franchise Partners,/franchise-partners
Client Partners,/client-partners
Delivery Partners,/delivery-partners
Track,track
Get In TouchGet In Touch,/contact-us
Track,/track
Get In Touch,/contact-us
click here.,https://docs.google.com/document/d/1Dc9u0zNoa3erw7VqD1Rbzcl1WlU6Gk6R7F5TGAMcGkc/edit?tab=t.d6k83inumo2
Get In Touch,/contact-us
Know More,ecommerce
Know More,/hyperlocal-ecommerce
Know More,/sme-personal
Express ParcelEnjoy reliable delivery/courier services with our solutions. We ensure smooth deliveries and quality checks for D2C businesses and small enterprises.,/ecommerce#forward-shipping
"Reverse ParcelEasily handle returns with our efficient reverse logistics and courier services. We provide doorstep quality checks, instant refunds, and seamless returns for D2Cs and more.",/ecommerce#reverse-shipping
"PrimeUpgrade to fast and reliable delivery/courier services with our efficient local delivery network. We guarantee same-day and next-day delivery across platforms, ensuring prompt item delivery.",/ecommerce#express-shipping
"Prime LargeWith Prime Large, we deliver 15 KG+ heavy goods same-day or next-day, fast, reliable, and future-ready. Backed by scalable infrastructure and technology-first execution, we ensure smooth logistics for high-volume, heavy-duty shipping.",/ecommerce#prime-large
"Critical LogisticsWe manage end-to-end movement of high-value, critical, luxury goods from manufacturing plants to warehouses and depots to distribution points, ensuring speed, security, and full compliance with handling protocols and timelines.",/ecommerce#critical-shipping
"HyperlocalHyperlocal delivery offers low-cost, point-to-point courier services perfect for groceries, pharma, and meals. With real-time tracking, wide-area coverage, and a trained fleet, we support rapid deliveries within 10 minutes to 2 hours.",/hyperlocal-ecommerce#market-place
Quick CommerceBenefit from our convenient quick commerce service. We offer slotted and express doorstep deliveries for a seamless experience in dark or live stores.,/hyperlocal-ecommerce#store-pick-up
"Electric Vehicle FleetOur electric fleet offers green, efficient delivery for couriers and e-commerce, supporting sustainable, cost-effective, and seamless last-mile logistics across cities.",/hyperlocal-ecommerce#electric-vehicle-fleet
Read More,/blogs
Read More,/blogs
"1st Floor, Appek Building,93/A, 4th B Cross Rd, 5th Block,Koramangala, Bengaluru, Karnataka560095","https://www.google.com/maps/dir//1st+floor,+Appek+Building,+93%2FA,+4th+B+Cross,+5th+Block,+Koramangala,+Bengaluru,+Karnataka+560095/@12.9335308,77.5318737,12z/data=!4m8!4m7!1m0!1m5!1m1!1s0x3bae14518ea6ee15:0xf657a3427df3b2d2!2m2!1d77.6142756!2d12.9335437?entry=ttu"
hello@shadowfax.in,mailto:hello@shadowfax.in
Track Shipment,/track
Book a Delivery,https://delivery.shadowfax.in/
Support,/contact-us
Flash App,/sme-personal
Ecommerce & D2C,ecommerce
Hyperlocal & Quick Commerce,/hyperlocal-ecommerce
SME & Personal Courier,/sme-personal
Delivery Partner,/delivery-partners
Client Partner,/client-partners
Franchise Partner,/franchise-partners
About Us,/aboutus
Careers,/careers
Blogs,/blogs
Innovation,/innovation
Social Impact,/social-impact
Get In Touch,/contact-us
Privacy Policy,/privacy-policy
Terms of Service,/terms-of-service
Track Shipment,/track
Book a Delivery,https://delivery.shadowfax.in/
Support,/contact-us
Flash App,/sme-personal
About Us,/aboutus
Careers,/careers
Blogs,/blogs
Innovation,/innovation
Social Impact,/social-impact
Get In Touch,/contact-us
Ecommerce & D2C,ecommerce
Hyperlocal & Quick Commerce,/hyperlocal-ecommerce
SME & Personal Courier,/sme-personal
Delivery Partner,/delivery-partners
Client Partner,/client-partners
Franchise Partner,/franchise-partners
Privacy Policy,/privacy-policy
Terms of Service,/terms-of-service
Ecommerce & D2C,ecommerce
Hyperlocal & Quick Commerce,/hyperlocal-ecommerce
SMEs & Personal Courier,/sme-personal
About Us,/aboutus
Innovation,/innovation
Social Impact,/social-impact
Careers,/careers
Blogs,/blogs
News,/news
Franchise Partners,/franchise-partners
Client Partners,/client-partners
Delivery Partners,/delivery-partners
Track,track
Get In TouchGet In Touch,/contact-us
Track,/track
Get In Touch,/contact-us
click here.,https://docs.google.com/document/d/1Dc9u0zNoa3erw7VqD1Rbzcl1WlU6Gk6R7F5TGAMcGkc/edit?tab=t.d6k83inumo2
Get In Touch,/contact-us
Know More,ecommerce
Know More,/hyperlocal-ecommerce
Know More,/sme-personal
Express ParcelEnjoy reliable delivery/courier services with our solutions. We ensure smooth deliveries and quality checks for D2C businesses and small enterprises.,/ecommerce#forward-shipping
"Reverse ParcelEasily handle returns with our efficient reverse logistics and courier services. We provide doorstep quality checks, instant refunds, and seamless returns for D2Cs and more.",/ecommerce#reverse-shipping
"PrimeUpgrade to fast and reliable delivery/courier services with our efficient local delivery network. We guarantee same-day and next-day delivery across platforms, ensuring prompt item delivery.",/ecommerce#express-shipping
"Prime LargeWith Prime Large, we deliver 15 KG+ heavy goods same-day or next-day, fast, reliable, and future-ready. Backed by scalable infrastructure and technology-first execution, we ensure smooth logistics for high-volume, heavy-duty shipping.",/ecommerce#prime-large
"Critical LogisticsWe manage end-to-end movement of high-value, critical, luxury goods from manufacturing plants to warehouses and depots to distribution points, ensuring speed, security, and full compliance with handling protocols and timelines.",/ecommerce#critical-shipping
"HyperlocalHyperlocal delivery offers low-cost, point-to-point courier services perfect for groceries, pharma, and meals. With real-time tracking, wide-area coverage, and a trained fleet, we support rapid deliveries within 10 minutes to 2 hours.",/hyperlocal-ecommerce#market-place
Quick CommerceBenefit from our convenient quick commerce service. We offer slotted and express doorstep deliveries for a seamless experience in dark or live stores.,/hyperlocal-ecommerce#store-pick-up
"Electric Vehicle FleetOur electric fleet offers green, efficient delivery for couriers and e-commerce, supporting sustainable, cost-effective, and seamless last-mile logistics across cities.",/hyperlocal-ecommerce#electric-vehicle-fleet
Read More,/blogs
Read More,/blogs
"1st Floor, Appek Building,93/A, 4th B Cross Rd, 5th Block,Koramangala, Bengaluru, Karnataka560095","https://www.google.com/maps/dir//1st+floor,+Appek+Building,+93%2FA,+4th+B+Cross,+5th+Block,+Koramangala,+Bengaluru,+Karnataka+560095/@12.9335308,77.5318737,12z/data=!4m8!4m7!1m0!1m5!1m1!1s0x3bae14518ea6ee15:0xf657a3427df3b2d2!2m2!1d77.6142756!2d12.9335437?entry=ttu"
hello@shadowfax.in,mailto:hello@shadowfax.in
Track Shipment,/track
Book a Delivery,https://delivery.shadowfax.in/
Support,/contact-us
Flash App,/sme-personal
Ecommerce & D2C,ecommerce
Hyperlocal & Quick Commerce,/hyperlocal-ecommerce
SME & Personal Courier,/sme-personal
Delivery Partner,/delivery-partners
Client Partner,/client-partners
Franchise Partner,/franchise-partners
About Us,/aboutus
Careers,/careers
Blogs,/blogs
Innovation,/innovation
Social Impact,/social-impact
Get In Touch,/contact-us
Privacy Policy,/privacy-policy
Terms of Service,/terms-of-service
Track Shipment,/track
Book a Delivery,https://delivery.shadowfax.in/
Support,/contact-us
Flash App,/sme-personal
About Us,/aboutus
Careers,/careers
Blogs,/blogs
Innovation,/innovation
Social Impact,/social-impact
Get In Touch,/contact-us
Ecommerce & D2C,ecommerce
Hyperlocal & Quick Commerce,/hyperlocal-ecommerce
SME & Personal Courier,/sme-personal
Delivery Partner,/delivery-partners
Client Partner,/client-partners
Franchise Partner,/franchise-partners
Privacy Policy,/privacy-policy
Terms of Service,/terms-of-service
Ecommerce & D2C,ecommerce
Hyperlocal & Quick Commerce,/hyperlocal-ecommerce
SMEs & Personal Courier,/sme-personal
About Us,/aboutus
Innovation,/innovation
Social Impact,/social-impact
Careers,/careers
Blogs,/blogs
News,/news
Franchise Partners,/franchise-partners
Client Partners,/client-partners
Delivery Partners,/delivery-partners
Track,track
Get In TouchGet In Touch,/contact-us
Track,/track
Get In Touch,/contact-us
click here.,https://docs.google.com/document/d/1Dc9u0zNoa3erw7VqD1Rbzcl1WlU6Gk6R7F5TGAMcGkc/edit?tab=t.d6k83inumo2
Get In Touch,/contact-us
Know More,ecommerce
Know More,/hyperlocal-ecommerce
Know More,/sme-personal
Express ParcelEnjoy reliable delivery/courier services with our solutions. We ensure smooth deliveries and quality checks for D2C businesses and small enterprises.,/ecommerce#forward-shipping
"Reverse ParcelEasily handle returns with our efficient reverse logistics and courier services. We provide doorstep quality checks, instant refunds, and seamless returns for D2Cs and more.",/ecommerce#reverse-shipping
"PrimeUpgrade to fast and reliable delivery/courier services with our efficient local delivery network. We guarantee same-day and next-day delivery across platforms, ensuring prompt item delivery.",/ecommerce#express-shipping
"Prime LargeWith Prime Large, we deliver 15 KG+ heavy goods same-day or next-day, fast, reliable, and future-ready. Backed by scalable infrastructure and technology-first execution, we ensure smooth logistics for high-volume, heavy-duty shipping.",/ecommerce#prime-large
"Critical LogisticsWe manage end-to-end movement of high-value, critical, luxury goods from manufacturing plants to warehouses and depots to distribution points, ensuring speed, security, and full compliance with handling protocols and timelines.",/ecommerce#critical-shipping
"HyperlocalHyperlocal delivery offers low-cost, point-to-point courier services perfect for groceries, pharma, and meals. With real-time tracking, wide-area coverage, and a trained fleet, we support rapid deliveries within 10 minutes to 2 hours.",/hyperlocal-ecommerce#market-place
Quick CommerceBenefit from our convenient quick commerce service. We offer slotted and express doorstep deliveries for a seamless experience in dark or live stores.,/hyperlocal-ecommerce#store-pick-up
"Electric Vehicle FleetOur electric fleet offers green, efficient delivery for couriers and e-commerce, supporting sustainable, cost-effective, and seamless last-mile logistics across cities.",/hyperlocal-ecommerce#electric-vehicle-fleet
Read More,/blogs
Read More,/blogs
"1st Floor, Appek Building,93/A, 4th B Cross Rd, 5th Block,Koramangala, Bengaluru, Karnataka560095","https://www.google.com/maps/dir//1st+floor,+Appek+Building,+93%2FA,+4th+B+Cross,+5th+Block,+Koramangala,+Bengaluru,+Karnataka+560095/@12.9335308,77.5318737,12z/data=!4m8!4m7!1m0!1m5!1m1!1s0x3bae14518ea6ee15:0xf657a3427df3b2d2!2m2!1d77.6142756!2d12.9335437?entry=ttu"
hello@shadowfax.in,mailto:hello@shadowfax.in
Track Shipment,/track
Book a Delivery,https://delivery.shadowfax.in/
Support,/contact-us
Flash App,/sme-personal
Ecommerce & D2C,ecommerce
Hyperlocal & Quick Commerce,/hyperlocal-ecommerce
SME & Personal Courier,/sme-personal
Delivery Partner,/delivery-partners
Client Partner,/client-partners
Franchise Partner,/franchise-partners
About Us,/aboutus
Careers,/careers
Blogs,/blogs
Innovation,/innovation
Social Impact,/social-impact
Get In Touch,/contact-us
Privacy Policy,/privacy-policy
Terms of Service,/terms-of-service
Track Shipment,/track
Book a Delivery,https://delivery.shadowfax.in/
Support,/contact-us
Flash App,/sme-personal
About Us,/aboutus
Careers,/careers
Blogs,/blogs
Innovation,/innovation
Social Impact,/social-impact
Get In Touch,/contact-us
Ecommerce & D2C,ecommerce
Hyperlocal & Quick Commerce,/hyperlocal-ecommerce
SME & Personal Courier,/sme-personal
Delivery Partner,/delivery-partners
Client Partner,/client-partners
Franchise Partner,/franchise-partners
Privacy Policy,/privacy-policy
Terms of Service,/terms-of-service
